               epoch,      train/box_loss,      train/obj_loss,      train/cls_loss,   metrics/precision,      metrics/recall,     metrics/mAP_0.5,metrics/mAP_0.5:0.95,        val/box_loss,        val/obj_loss,        val/cls_loss,               x/lr0,               x/lr1,               x/lr2
                   0,            0.054552,            0.088829,            0.052551,             0.42468,             0.28262,             0.27233,             0.15617,            0.050529,            0.060239,            0.031076,             0.07015,           0.0033167,           0.0033167
                   1,            0.050481,               0.079,            0.035699,              0.4795,             0.34073,             0.34621,             0.19222,            0.050431,             0.05793,            0.026966,            0.040128,           0.0066281,           0.0066281
                   2,             0.05201,             0.07812,             0.03347,             0.48304,             0.35391,              0.3622,             0.19434,            0.052424,            0.057335,             0.02666,            0.010084,           0.0099174,           0.0099174
                   3,            0.053157,            0.077484,            0.035103,             0.47743,             0.33117,             0.33479,              0.1742,            0.054057,            0.058387,            0.028117,            0.009901,            0.009901,            0.009901
                   4,            0.053641,            0.077411,             0.03419,             0.54807,             0.33399,             0.35612,              0.1858,            0.054047,            0.057359,            0.027081,            0.009901,            0.009901,            0.009901
                   5,            0.053188,            0.077011,            0.033538,              0.4431,             0.34134,             0.32595,             0.17178,            0.054703,            0.059277,            0.029058,            0.009868,            0.009868,            0.009868
                   6,            0.053082,             0.07578,            0.032279,             0.52088,             0.36049,              0.3812,             0.19947,            0.053707,             0.05702,            0.026126,            0.009835,            0.009835,            0.009835
                   7,            0.052377,            0.075048,            0.030801,             0.51691,              0.3829,             0.39717,             0.21481,            0.051876,            0.056146,            0.024737,            0.009802,            0.009802,            0.009802
                   8,            0.051963,            0.074965,            0.030578,             0.52016,             0.38911,             0.40275,             0.21905,            0.051804,            0.056022,            0.024498,            0.009769,            0.009769,            0.009769
                   9,            0.052149,            0.075217,            0.029562,             0.49753,             0.40399,             0.41472,             0.22381,            0.051683,            0.055899,            0.023521,            0.009736,            0.009736,            0.009736
                  10,            0.052102,            0.074414,            0.029015,              0.5644,             0.38465,              0.4126,             0.22453,            0.052038,            0.055385,            0.024188,            0.009703,            0.009703,            0.009703
                  11,            0.051456,            0.074018,            0.029066,             0.59268,             0.40918,             0.43896,             0.23643,            0.051003,            0.055445,            0.022071,             0.00967,             0.00967,             0.00967
                  12,            0.051174,            0.074608,            0.027848,             0.59147,             0.40975,             0.44641,             0.24347,            0.050982,            0.055702,            0.022185,            0.009637,            0.009637,            0.009637
                  13,            0.051007,            0.073879,            0.027257,             0.57956,             0.42037,             0.45869,               0.251,            0.050419,            0.055028,            0.021359,            0.009604,            0.009604,            0.009604
                  14,            0.050209,            0.073446,            0.026823,             0.56306,             0.42549,             0.44692,             0.24919,            0.050637,              0.0552,              0.0216,            0.009571,            0.009571,            0.009571
                  15,            0.050343,            0.071363,            0.026529,             0.59542,             0.43164,             0.46882,             0.26108,              0.0504,             0.05444,            0.021045,            0.009538,            0.009538,            0.009538
                  16,            0.050206,            0.073186,            0.026047,             0.59524,             0.45034,             0.48468,             0.27004,            0.049688,            0.053657,            0.020309,            0.009505,            0.009505,            0.009505
                  17,            0.050472,            0.072414,            0.025541,             0.60674,             0.45094,             0.48885,             0.26975,            0.050461,            0.053347,            0.020293,            0.009472,            0.009472,            0.009472
                  18,            0.049875,              0.0709,            0.025541,             0.61552,             0.44509,             0.48042,             0.27123,            0.049908,            0.053734,            0.020524,            0.009439,            0.009439,            0.009439
                  19,            0.049611,            0.071817,            0.024593,             0.56959,             0.46842,             0.48957,             0.27357,            0.049528,              0.0541,            0.019967,            0.009406,            0.009406,            0.009406
                  20,            0.049288,            0.070524,             0.02422,             0.64537,             0.45232,             0.50199,             0.28431,            0.049245,              0.0534,            0.020033,            0.009373,            0.009373,            0.009373
                  21,            0.049199,            0.070379,            0.024036,             0.60392,             0.48266,             0.52264,             0.29361,            0.048777,            0.052909,            0.018512,             0.00934,             0.00934,             0.00934
                  22,            0.048937,            0.070967,            0.023495,             0.61878,             0.47587,             0.51798,             0.29978,            0.048644,            0.052155,            0.019146,            0.009307,            0.009307,            0.009307
                  23,             0.04897,             0.06906,            0.023251,             0.61857,             0.48833,             0.52673,             0.30179,            0.048777,            0.052515,            0.018888,            0.009274,            0.009274,            0.009274
                  24,            0.048244,            0.068251,            0.022704,             0.66127,             0.46382,             0.52778,              0.3042,            0.048288,            0.051843,            0.018748,            0.009241,            0.009241,            0.009241
                  25,            0.048328,            0.070359,            0.022873,             0.65429,             0.48819,             0.53893,             0.31191,            0.048193,            0.052463,            0.018082,            0.009208,            0.009208,            0.009208
                  26,            0.048176,            0.069138,            0.022178,             0.65962,             0.49099,             0.54231,             0.31285,            0.047912,            0.051939,            0.018583,            0.009175,            0.009175,            0.009175
                  27,            0.047962,            0.067737,            0.022326,             0.66291,             0.48659,             0.54062,             0.31587,            0.047965,            0.052074,            0.018319,            0.009142,            0.009142,            0.009142
                  28,             0.04782,            0.069477,             0.02205,             0.68092,             0.48599,             0.54575,             0.31195,            0.047775,            0.051364,            0.017976,            0.009109,            0.009109,            0.009109
                  29,            0.047877,            0.068878,            0.021915,             0.67158,             0.49791,             0.55614,             0.32093,            0.048014,            0.051671,            0.018086,            0.009076,            0.009076,            0.009076
                  30,            0.047609,            0.068525,            0.021014,             0.67472,             0.50551,              0.5659,             0.32804,            0.047546,            0.050901,            0.017285,            0.009043,            0.009043,            0.009043
                  31,            0.047908,             0.06771,             0.02085,             0.64875,             0.50917,             0.55365,             0.32733,            0.047307,            0.051472,            0.017762,             0.00901,             0.00901,             0.00901
                  32,            0.047125,            0.067099,            0.020656,             0.70145,             0.49051,             0.56027,             0.33303,            0.047426,            0.050741,            0.017021,            0.008977,            0.008977,            0.008977
                  33,            0.047732,            0.067865,            0.020677,             0.65728,             0.51458,             0.56524,             0.33715,            0.047033,            0.050735,            0.017304,            0.008944,            0.008944,            0.008944
                  34,            0.047033,            0.067275,            0.020383,             0.69488,             0.51179,             0.58123,             0.33906,            0.046939,            0.050323,            0.017228,            0.008911,            0.008911,            0.008911
                  35,            0.047155,            0.067242,            0.020207,             0.68207,             0.52037,             0.58355,             0.34151,            0.046969,            0.050533,            0.017021,            0.008878,            0.008878,            0.008878
                  36,            0.046882,            0.066769,            0.020062,             0.68759,               0.531,             0.58363,             0.34331,            0.046902,            0.050557,            0.017234,            0.008845,            0.008845,            0.008845
                  37,            0.046804,            0.067085,            0.019852,             0.70552,             0.53685,             0.60219,              0.3549,            0.046469,            0.049752,            0.016552,            0.008812,            0.008812,            0.008812
                  38,            0.046581,            0.066965,            0.019625,             0.69228,             0.54052,             0.59915,             0.35449,             0.04653,            0.049921,            0.016603,            0.008779,            0.008779,            0.008779
                  39,            0.046619,            0.065196,            0.019532,             0.69739,             0.55518,             0.61196,             0.36272,            0.046327,            0.049734,            0.016121,            0.008746,            0.008746,            0.008746
                  40,             0.04623,            0.065217,            0.019814,             0.72125,             0.53763,             0.61104,             0.35951,            0.046452,            0.050248,            0.016095,            0.008713,            0.008713,            0.008713
                  41,            0.046268,            0.065252,            0.018916,             0.70473,             0.53065,             0.60727,             0.36188,            0.046484,            0.049145,            0.016181,             0.00868,             0.00868,             0.00868
                  42,            0.046406,            0.066938,            0.018484,             0.68653,             0.56316,             0.61365,              0.3693,            0.045939,            0.049317,            0.016036,            0.008647,            0.008647,            0.008647
                  43,            0.045774,            0.065359,            0.018965,              0.6893,             0.54687,             0.61313,             0.36993,             0.04614,            0.049532,            0.016368,            0.008614,            0.008614,            0.008614
                  44,            0.045835,            0.065541,            0.018581,             0.73084,             0.54409,             0.62075,             0.36374,            0.045914,            0.049093,            0.015341,            0.008581,            0.008581,            0.008581
                  45,            0.045858,            0.064734,            0.018536,             0.71262,              0.5475,             0.60946,             0.36574,            0.046357,            0.048876,             0.01606,            0.008548,            0.008548,            0.008548
                  46,            0.045615,            0.065702,            0.018105,               0.726,             0.56419,             0.62771,             0.37983,            0.045596,            0.048818,            0.015844,            0.008515,            0.008515,            0.008515
                  47,            0.045499,            0.063637,            0.018385,              0.7302,             0.55474,             0.63398,             0.37616,            0.045816,            0.049241,            0.015438,            0.008482,            0.008482,            0.008482
                  48,            0.045565,            0.063634,            0.017882,             0.71201,             0.54393,             0.61832,              0.3752,            0.045684,            0.049016,            0.015848,            0.008449,            0.008449,            0.008449
                  49,            0.045318,            0.064986,            0.018354,             0.72347,             0.56685,             0.63524,             0.38271,            0.045557,             0.04896,            0.015775,            0.008416,            0.008416,            0.008416
                  50,            0.045795,            0.063681,             0.01804,              0.7109,             0.57537,              0.6311,             0.38442,            0.045352,            0.048568,            0.015323,            0.008383,            0.008383,            0.008383
                  51,            0.044747,            0.064442,            0.017582,             0.73073,             0.56762,              0.6378,             0.38774,            0.045381,            0.048773,            0.015244,             0.00835,             0.00835,             0.00835
                  52,            0.044869,            0.064005,            0.017416,              0.7149,              0.5786,             0.64803,             0.39602,            0.045012,             0.04831,            0.014798,            0.008317,            0.008317,            0.008317
                  53,            0.044755,            0.062527,            0.017533,             0.73439,             0.58474,             0.65132,             0.39907,            0.044959,            0.047914,            0.014877,            0.008284,            0.008284,            0.008284
                  54,            0.045189,            0.064445,            0.017629,             0.71558,             0.58765,             0.64854,             0.40069,            0.044966,            0.047829,            0.014998,            0.008251,            0.008251,            0.008251
                  55,            0.044855,            0.062411,            0.017516,              0.7533,              0.5632,             0.64569,             0.39482,            0.044862,            0.047907,            0.015311,            0.008218,            0.008218,            0.008218
                  56,            0.044698,             0.06359,            0.017208,             0.69739,             0.58314,             0.64137,             0.39053,            0.045183,            0.048298,            0.015013,            0.008185,            0.008185,            0.008185
                  57,            0.044839,            0.062875,            0.017258,             0.73394,             0.58931,             0.65285,             0.40319,            0.044574,            0.047538,            0.015001,            0.008152,            0.008152,            0.008152
                  58,             0.04479,            0.064651,            0.016983,             0.76209,             0.56166,              0.6486,              0.4014,             0.04452,            0.047872,             0.01465,            0.008119,            0.008119,            0.008119
                  59,            0.044272,            0.061732,            0.017047,             0.74644,             0.57543,             0.65218,             0.40067,            0.044774,            0.048166,            0.014884,            0.008086,            0.008086,            0.008086
                  60,            0.044353,            0.062118,             0.01648,             0.75292,             0.58086,             0.65162,             0.40588,            0.044594,            0.048109,            0.015191,            0.008053,            0.008053,            0.008053
                  61,            0.044093,            0.062767,            0.016485,             0.77394,                0.59,             0.66481,             0.40971,            0.044393,            0.047808,            0.014746,             0.00802,             0.00802,             0.00802
                  62,            0.044477,            0.063232,              0.0163,             0.73455,             0.59671,             0.66616,             0.41625,            0.044276,            0.047481,            0.014791,            0.007987,            0.007987,            0.007987
                  63,            0.043879,            0.062034,            0.016019,             0.74706,             0.59968,             0.66529,             0.41881,            0.043963,            0.047422,            0.014569,            0.007954,            0.007954,            0.007954
                  64,            0.044248,            0.062217,            0.016358,             0.72216,             0.60412,             0.66391,             0.41881,            0.044322,            0.047759,             0.01482,            0.007921,            0.007921,            0.007921
                  65,             0.04398,            0.061208,            0.016185,             0.74106,             0.60572,             0.67389,             0.42049,            0.043764,            0.047301,            0.014119,            0.007888,            0.007888,            0.007888
                  66,            0.044265,            0.062321,            0.016148,             0.72436,             0.60741,             0.67144,             0.42306,            0.044002,            0.047239,            0.014598,            0.007855,            0.007855,            0.007855
                  67,            0.043922,            0.062392,            0.015881,             0.74575,              0.5927,             0.67204,             0.41967,            0.043825,            0.047202,            0.014724,            0.007822,            0.007822,            0.007822
                  68,            0.043754,             0.06084,            0.016062,             0.74204,             0.60717,             0.67869,             0.42624,            0.043788,            0.046838,            0.014619,            0.007789,            0.007789,            0.007789
                  69,            0.044095,            0.061848,            0.016209,             0.77637,             0.61407,             0.68297,             0.42769,            0.043873,            0.047038,            0.014689,            0.007756,            0.007756,            0.007756
                  70,            0.043404,            0.061139,            0.015845,              0.7651,             0.60438,              0.6721,             0.42138,            0.043822,             0.04682,            0.014483,            0.007723,            0.007723,            0.007723
                  71,            0.043453,             0.06127,             0.01549,             0.76077,             0.61529,             0.67468,             0.42051,            0.043766,            0.047087,            0.014372,             0.00769,             0.00769,             0.00769
                  72,            0.043157,            0.060288,            0.015672,             0.76853,             0.61116,              0.6809,             0.41885,            0.043724,            0.047152,             0.01447,            0.007657,            0.007657,            0.007657
                  73,            0.043246,             0.06036,            0.015455,             0.77391,             0.60479,             0.67733,             0.42783,             0.04361,            0.046724,            0.014221,            0.007624,            0.007624,            0.007624
                  74,             0.04318,            0.060325,            0.015365,             0.75328,             0.61578,             0.67698,             0.42631,            0.043443,            0.047081,            0.014436,            0.007591,            0.007591,            0.007591
                  75,            0.043462,            0.060476,              0.0156,             0.78453,             0.60448,             0.67892,              0.4287,            0.043217,             0.04685,            0.014124,            0.007558,            0.007558,            0.007558
                  76,            0.043549,            0.060947,            0.014933,             0.77368,             0.61343,              0.6803,              0.4291,            0.043505,            0.046934,            0.014376,            0.007525,            0.007525,            0.007525
                  77,            0.043166,            0.060819,            0.015519,             0.78796,             0.62148,             0.68765,             0.43643,            0.043116,            0.046397,             0.01382,            0.007492,            0.007492,            0.007492
                  78,             0.04312,            0.060273,            0.015344,             0.80217,             0.61707,             0.69331,             0.43747,            0.043131,            0.046517,            0.014065,            0.007459,            0.007459,            0.007459
                  79,            0.042977,            0.060147,            0.014946,             0.79355,             0.60366,             0.68915,             0.44025,             0.04334,            0.046533,            0.014024,            0.007426,            0.007426,            0.007426
                  80,            0.042951,            0.060136,            0.015455,             0.79545,             0.61594,             0.69065,             0.43451,            0.043204,            0.046367,            0.014061,            0.007393,            0.007393,            0.007393
                  81,            0.042827,            0.059734,            0.014849,             0.78091,             0.62195,             0.69054,             0.44037,            0.042958,            0.046216,            0.014003,             0.00736,             0.00736,             0.00736
                  82,            0.042694,            0.059711,            0.015057,             0.78098,             0.63146,             0.69468,             0.44599,            0.042852,            0.046482,              0.0137,            0.007327,            0.007327,            0.007327
                  83,            0.043072,            0.058548,            0.014775,             0.76519,             0.62964,             0.69296,             0.44676,             0.04274,            0.046232,            0.014044,            0.007294,            0.007294,            0.007294
                  84,            0.042853,            0.059355,            0.014962,             0.81027,             0.60954,              0.6935,             0.44315,            0.042965,             0.04622,            0.014346,            0.007261,            0.007261,            0.007261
                  85,            0.042642,            0.059614,            0.014767,             0.77373,             0.61791,             0.69175,             0.44958,            0.042826,            0.046347,             0.01405,            0.007228,            0.007228,            0.007228
                  86,             0.04236,             0.06005,            0.014764,             0.78651,             0.62817,             0.69998,               0.457,             0.04274,            0.046292,            0.013958,            0.007195,            0.007195,            0.007195
                  87,            0.042241,            0.058985,            0.014534,             0.78357,             0.62983,             0.69752,             0.45317,            0.042858,            0.046268,            0.014102,            0.007162,            0.007162,            0.007162
                  88,            0.042452,            0.059877,            0.014825,             0.80452,              0.6275,             0.70412,             0.45212,            0.042566,            0.045697,            0.014095,            0.007129,            0.007129,            0.007129
                  89,            0.042466,            0.059633,            0.014316,             0.78169,             0.63772,              0.7044,             0.45674,            0.042493,             0.04592,            0.014113,            0.007096,            0.007096,            0.007096
                  90,             0.04236,            0.057908,            0.014603,             0.76893,             0.63307,             0.69802,             0.45285,            0.042533,            0.046037,            0.014016,            0.007063,            0.007063,            0.007063
                  91,             0.04179,            0.058455,            0.014493,             0.79411,             0.63303,             0.70596,             0.45838,            0.042492,             0.04552,            0.013501,             0.00703,             0.00703,             0.00703
                  92,            0.042317,            0.058788,            0.014412,             0.80323,             0.63522,             0.70455,             0.46261,            0.042417,            0.045815,            0.013597,            0.006997,            0.006997,            0.006997
                  93,            0.041816,            0.057995,            0.014095,             0.79441,               0.641,             0.70736,             0.46303,            0.042417,            0.045645,            0.013764,            0.006964,            0.006964,            0.006964
                  94,            0.041852,            0.059094,            0.014123,             0.81709,             0.63336,             0.70929,             0.46255,            0.042316,             0.04585,            0.013561,            0.006931,            0.006931,            0.006931
                  95,            0.042156,             0.05823,            0.014032,             0.82207,              0.6376,             0.71387,             0.46394,            0.042092,            0.045356,            0.013621,            0.006898,            0.006898,            0.006898
                  96,            0.042308,             0.05948,            0.014199,             0.82023,             0.63761,             0.71117,             0.46621,            0.042107,            0.045508,            0.013811,            0.006865,            0.006865,            0.006865
                  97,            0.042079,            0.059218,             0.01373,             0.79246,             0.63696,             0.71026,             0.46599,            0.042145,            0.045429,            0.014004,            0.006832,            0.006832,            0.006832
                  98,            0.042025,            0.057702,             0.01416,             0.80329,             0.63178,             0.70608,             0.46416,            0.042282,            0.045654,            0.013965,            0.006799,            0.006799,            0.006799
                  99,            0.041827,            0.057355,            0.013613,             0.79513,             0.64724,             0.71167,             0.46585,            0.042036,             0.04528,            0.013992,            0.006766,            0.006766,            0.006766
                 100,            0.041446,            0.057856,            0.013784,             0.83197,             0.63946,             0.70984,             0.46841,            0.042033,            0.045309,            0.013984,            0.006733,            0.006733,            0.006733
                 101,            0.041763,            0.058251,             0.01357,             0.82561,             0.64812,             0.71543,             0.47689,            0.042053,            0.045435,            0.013574,              0.0067,              0.0067,              0.0067
                 102,            0.041144,             0.05771,            0.013594,             0.83138,             0.64845,             0.71865,              0.4712,            0.041988,            0.045268,            0.013669,            0.006667,            0.006667,            0.006667
                 103,            0.041407,            0.056844,            0.013456,              0.8244,             0.64584,             0.71695,             0.47066,            0.041925,             0.04546,            0.013629,            0.006634,            0.006634,            0.006634
                 104,            0.041559,            0.056632,            0.013637,             0.82672,             0.64161,             0.71544,             0.47518,             0.04189,            0.045565,            0.013581,            0.006601,            0.006601,            0.006601
                 105,            0.041402,            0.057923,            0.013446,             0.82477,             0.65715,             0.71926,             0.47949,            0.041648,            0.045192,            0.013475,            0.006568,            0.006568,            0.006568
                 106,            0.041284,            0.056879,            0.013581,             0.79039,             0.66125,             0.72011,             0.47715,            0.041802,            0.045076,            0.013443,            0.006535,            0.006535,            0.006535
                 107,            0.041331,            0.057703,            0.013546,             0.82726,             0.64891,             0.71557,             0.47117,             0.04183,            0.045095,            0.013752,            0.006502,            0.006502,            0.006502
                 108,            0.041009,             0.05675,            0.013247,             0.82207,             0.65425,                0.72,             0.48073,            0.041713,            0.045186,            0.013552,            0.006469,            0.006469,            0.006469
                 109,            0.041254,            0.056797,             0.01299,             0.82698,             0.65655,             0.72862,             0.48262,            0.041709,            0.045231,            0.013527,            0.006436,            0.006436,            0.006436
                 110,            0.041047,            0.056364,            0.013264,             0.83277,             0.64987,             0.72299,             0.48063,            0.041663,            0.045106,             0.01341,            0.006403,            0.006403,            0.006403
                 111,            0.041179,            0.057575,            0.013167,             0.82314,             0.65737,             0.72102,             0.48184,            0.041709,             0.04519,            0.013779,             0.00637,             0.00637,             0.00637
                 112,            0.041598,            0.057478,            0.013478,             0.82683,              0.6644,             0.72546,             0.48086,            0.041445,            0.044925,            0.013511,            0.006337,            0.006337,            0.006337
                 113,            0.041094,            0.057812,            0.013118,             0.83781,             0.65595,             0.72349,             0.47943,            0.041505,            0.044862,            0.013519,            0.006304,            0.006304,            0.006304
                 114,            0.040911,            0.056792,            0.013049,             0.84865,             0.64558,             0.72344,             0.48109,            0.041548,            0.044995,            0.013543,            0.006271,            0.006271,            0.006271
                 115,            0.040788,             0.05746,            0.012827,             0.83204,             0.64627,             0.71881,             0.48521,            0.041552,            0.044835,            0.013729,            0.006238,            0.006238,            0.006238
                 116,            0.040682,            0.056727,            0.013066,             0.83049,             0.65591,             0.72721,             0.48908,             0.04137,            0.044723,            0.013216,            0.006205,            0.006205,            0.006205
                 117,            0.040613,             0.05672,            0.012983,             0.84186,             0.64997,             0.72865,             0.48758,            0.041327,            0.044688,             0.01338,            0.006172,            0.006172,            0.006172
                 118,            0.040769,            0.055675,            0.012961,              0.8335,             0.66436,             0.72576,             0.48638,            0.041285,            0.044635,            0.013481,            0.006139,            0.006139,            0.006139
                 119,            0.040789,            0.055918,            0.012925,             0.83879,             0.66698,              0.7346,             0.49342,            0.041071,            0.044515,            0.013168,            0.006106,            0.006106,            0.006106
                 120,            0.040522,            0.055938,            0.012933,             0.83804,             0.65639,             0.72656,             0.48903,            0.041112,            0.044763,            0.013364,            0.006073,            0.006073,            0.006073
                 121,            0.040658,            0.056311,            0.012702,             0.83478,             0.65961,             0.72748,             0.49225,            0.041135,            0.044949,            0.013369,             0.00604,             0.00604,             0.00604
                 122,            0.040534,            0.055161,            0.012498,             0.81766,             0.66806,             0.73101,             0.49468,             0.04111,            0.044368,            0.013079,            0.006007,            0.006007,            0.006007
                 123,            0.040208,            0.053712,            0.012592,             0.84671,             0.65878,             0.73027,             0.49548,            0.040889,             0.04458,            0.013396,            0.005974,            0.005974,            0.005974
                 124,            0.040395,            0.056633,            0.012552,             0.84085,               0.655,             0.72661,             0.49535,            0.040906,            0.044774,            0.013531,            0.005941,            0.005941,            0.005941
                 125,            0.040234,            0.056051,            0.012883,             0.86105,             0.65248,             0.72706,             0.49622,            0.040873,            0.044326,            0.013627,            0.005908,            0.005908,            0.005908
                 126,            0.040225,            0.054915,             0.01269,             0.84064,             0.66015,             0.72941,             0.49621,            0.040832,            0.044438,            0.013412,            0.005875,            0.005875,            0.005875
                 127,            0.040601,            0.055672,            0.012316,             0.83607,             0.65929,             0.72883,             0.49461,             0.04087,            0.044261,             0.01349,            0.005842,            0.005842,            0.005842
                 128,            0.039909,            0.054511,            0.012419,             0.83839,             0.66129,             0.73292,             0.49836,            0.040803,            0.044226,            0.013601,            0.005809,            0.005809,            0.005809
                 129,             0.04022,            0.055166,            0.012737,             0.84651,             0.66981,             0.73696,             0.49989,             0.04073,            0.044279,             0.01343,            0.005776,            0.005776,            0.005776
                 130,            0.039861,            0.055358,            0.012633,             0.85668,             0.66205,             0.73633,             0.49982,            0.040616,            0.044411,            0.013171,            0.005743,            0.005743,            0.005743
                 131,            0.040027,             0.05612,            0.012052,             0.85479,             0.66696,             0.73709,             0.50373,             0.04053,            0.044096,            0.013089,             0.00571,             0.00571,             0.00571
                 132,            0.039878,            0.055277,            0.011887,             0.84442,             0.65966,             0.73366,             0.50233,            0.040547,            0.044104,            0.013067,            0.005677,            0.005677,            0.005677
                 133,            0.039985,            0.055168,            0.012063,             0.84508,              0.6606,             0.73678,             0.50449,            0.040538,            0.044225,            0.013221,            0.005644,            0.005644,            0.005644
                 134,            0.039974,            0.055225,            0.012184,             0.84011,             0.67212,             0.73924,             0.50511,            0.040537,            0.044056,            0.013126,            0.005611,            0.005611,            0.005611
                 135,            0.039678,            0.055297,            0.012053,             0.85623,             0.66175,             0.73493,             0.50325,            0.040433,            0.044104,            0.013202,            0.005578,            0.005578,            0.005578
                 136,            0.040046,            0.054617,             0.01216,             0.85124,             0.66698,             0.73903,             0.50763,            0.040526,            0.044112,            0.013145,            0.005545,            0.005545,            0.005545
                 137,            0.039923,            0.055445,            0.011987,             0.84395,             0.66875,             0.73989,             0.51007,            0.040549,            0.043949,            0.013248,            0.005512,            0.005512,            0.005512
                 138,            0.039618,            0.055309,            0.011762,             0.84753,             0.67003,             0.74073,             0.50957,            0.040468,            0.043897,            0.013184,            0.005479,            0.005479,            0.005479
                 139,            0.039473,            0.053838,            0.012258,             0.84271,              0.6748,             0.73955,             0.50746,            0.040367,            0.044042,            0.013311,            0.005446,            0.005446,            0.005446
                 140,            0.039742,            0.055621,            0.012148,             0.85796,             0.67222,             0.74041,             0.50959,            0.040414,            0.044047,            0.013165,            0.005413,            0.005413,            0.005413
                 141,            0.039544,            0.055556,            0.011826,             0.83879,              0.6758,             0.74046,             0.50891,            0.040272,            0.043936,            0.013275,             0.00538,             0.00538,             0.00538
                 142,            0.039419,            0.054669,             0.01165,             0.85671,             0.67142,             0.74143,             0.51049,            0.040098,            0.043946,            0.013074,            0.005347,            0.005347,            0.005347
                 143,            0.039371,            0.054304,            0.012039,             0.84046,             0.67765,             0.74397,             0.51524,             0.04006,            0.043674,             0.01302,            0.005314,            0.005314,            0.005314
                 144,            0.039528,            0.054154,            0.011821,             0.82988,             0.68498,             0.74041,             0.51323,            0.040137,            0.043536,            0.013023,            0.005281,            0.005281,            0.005281
                 145,            0.039255,            0.054796,            0.011764,             0.86812,             0.66654,             0.74482,             0.51714,            0.040235,            0.043634,            0.012855,            0.005248,            0.005248,            0.005248
                 146,            0.039091,            0.054423,            0.011515,             0.84533,             0.68293,             0.74699,             0.51776,            0.040048,            0.043591,            0.012804,            0.005215,            0.005215,            0.005215
                 147,             0.03932,            0.053425,            0.011681,             0.86071,             0.67338,             0.74539,             0.51456,            0.040118,            0.043723,            0.013024,            0.005182,            0.005182,            0.005182
                 148,            0.039533,            0.054241,            0.011567,             0.85823,             0.67821,             0.74396,             0.51371,            0.040093,            0.043749,            0.013028,            0.005149,            0.005149,            0.005149
                 149,            0.039092,            0.053361,            0.011414,             0.84949,             0.67738,              0.7444,               0.513,            0.040011,            0.043777,            0.013036,            0.005116,            0.005116,            0.005116
                 150,            0.039486,            0.053505,            0.011709,             0.86877,             0.67626,             0.74887,             0.52146,            0.039934,            0.043626,            0.012895,            0.005083,            0.005083,            0.005083
                 151,            0.038942,             0.05456,            0.011309,             0.86568,             0.68006,             0.74832,             0.51907,            0.039884,             0.04344,            0.012978,             0.00505,             0.00505,             0.00505
                 152,            0.038907,            0.054805,            0.011365,             0.85824,             0.67992,              0.7479,             0.52196,            0.039845,            0.043438,             0.01308,            0.005017,            0.005017,            0.005017
                 153,            0.038947,            0.053939,            0.011291,             0.86933,             0.67061,             0.74803,             0.52037,            0.039835,            0.043426,            0.013101,            0.004984,            0.004984,            0.004984
                 154,            0.038778,            0.053942,            0.011547,             0.85651,             0.67679,             0.74687,             0.52083,            0.039763,            0.043634,            0.012993,            0.004951,            0.004951,            0.004951
                 155,            0.039305,            0.053294,            0.011605,              0.8597,             0.67847,             0.74913,             0.51976,             0.03965,            0.043551,            0.012899,            0.004918,            0.004918,            0.004918
                 156,            0.039234,            0.053517,            0.011319,             0.84516,             0.68335,             0.74638,             0.52011,            0.039672,            0.043442,            0.012965,            0.004885,            0.004885,            0.004885
                 157,            0.038618,            0.052351,            0.011401,             0.84778,             0.68242,             0.74516,             0.52108,            0.039652,            0.043455,            0.013076,            0.004852,            0.004852,            0.004852
                 158,            0.038504,            0.052586,            0.011518,             0.86595,             0.67854,             0.74855,             0.52162,             0.03965,            0.043332,            0.013042,            0.004819,            0.004819,            0.004819
                 159,            0.038574,            0.052854,             0.01109,             0.87296,             0.67355,             0.74847,             0.52497,            0.039623,            0.043397,            0.013032,            0.004786,            0.004786,            0.004786
                 160,            0.038728,            0.053034,            0.011331,             0.87587,             0.67613,             0.74948,             0.52401,            0.039549,            0.043516,             0.01312,            0.004753,            0.004753,            0.004753
                 161,            0.038629,            0.054022,            0.011379,             0.87094,             0.68335,             0.75053,             0.52382,            0.039561,            0.043601,            0.013236,             0.00472,             0.00472,             0.00472
                 162,            0.038547,            0.053252,            0.011066,             0.86196,             0.68798,              0.7521,             0.52374,             0.03956,            0.043432,            0.013179,            0.004687,            0.004687,            0.004687
                 163,            0.038735,            0.052525,            0.011188,              0.8668,             0.68812,             0.75093,             0.52345,            0.039561,            0.043544,            0.013142,            0.004654,            0.004654,            0.004654
                 164,            0.038618,            0.054539,            0.011056,              0.8631,             0.68656,             0.75119,             0.52529,            0.039549,            0.043471,            0.013058,            0.004621,            0.004621,            0.004621
                 165,            0.038404,             0.05273,            0.011198,             0.86602,             0.68242,              0.7486,             0.52503,            0.039463,            0.043476,            0.012915,            0.004588,            0.004588,            0.004588
                 166,            0.038448,            0.052751,            0.010986,             0.86206,             0.68535,              0.7509,             0.52548,            0.039384,            0.043336,            0.012959,            0.004555,            0.004555,            0.004555
                 167,              0.0382,            0.052605,            0.011156,             0.86698,             0.68745,             0.75043,             0.52602,            0.039322,            0.043376,            0.012969,            0.004522,            0.004522,            0.004522
                 168,            0.038118,            0.052023,            0.010853,             0.86476,             0.68183,             0.75048,             0.52493,            0.039332,            0.043436,            0.012994,            0.004489,            0.004489,            0.004489
                 169,            0.038139,            0.052515,            0.010904,             0.86518,             0.68568,             0.75188,             0.52794,            0.039252,            0.043364,            0.012995,            0.004456,            0.004456,            0.004456
                 170,             0.03807,            0.051145,            0.011206,             0.86288,             0.68934,             0.75108,             0.52899,            0.039222,            0.043445,            0.012893,            0.004423,            0.004423,            0.004423
                 171,            0.037969,            0.053262,            0.010884,             0.87042,             0.69069,             0.75247,             0.52978,            0.039235,            0.043397,            0.012762,             0.00439,             0.00439,             0.00439
                 172,            0.038382,            0.052849,            0.010828,             0.87129,             0.68898,             0.75326,             0.53202,            0.039215,            0.043199,            0.012788,            0.004357,            0.004357,            0.004357
                 173,            0.038212,            0.052985,            0.010894,             0.86415,             0.69102,             0.75281,             0.53085,            0.039203,            0.043291,            0.012811,            0.004324,            0.004324,            0.004324
                 174,            0.038265,              0.0524,            0.010626,             0.86688,             0.69227,             0.75336,             0.52997,            0.039197,            0.043351,            0.012881,            0.004291,            0.004291,            0.004291
                 175,             0.03802,            0.052541,            0.010811,             0.87723,             0.68169,             0.75258,             0.53119,             0.03916,            0.043368,            0.012807,            0.004258,            0.004258,            0.004258
                 176,            0.038307,            0.052642,            0.010813,             0.88025,             0.67907,             0.75337,             0.53424,            0.039106,            0.043286,            0.012851,            0.004225,            0.004225,            0.004225
                 177,            0.037853,            0.052353,            0.010816,             0.87409,             0.68011,             0.75285,             0.53465,            0.039111,            0.043167,            0.012869,            0.004192,            0.004192,            0.004192
                 178,            0.037903,            0.052285,            0.010576,             0.87392,             0.68298,             0.75267,             0.53471,            0.039146,            0.043221,            0.012946,            0.004159,            0.004159,            0.004159
                 179,             0.03797,            0.051799,             0.01067,             0.87645,             0.68196,             0.75377,             0.53806,             0.03907,             0.04319,            0.012835,            0.004126,            0.004126,            0.004126
                 180,            0.037791,            0.052935,            0.010538,             0.86932,             0.69213,             0.75568,             0.53895,            0.039039,            0.043172,             0.01275,            0.004093,            0.004093,            0.004093
                 181,            0.037786,            0.051189,            0.010618,             0.88079,             0.68878,             0.75506,             0.53943,            0.038936,            0.043139,            0.012735,             0.00406,             0.00406,             0.00406
                 182,            0.038061,            0.052285,            0.010539,              0.8752,              0.6908,             0.75579,              0.5372,            0.038967,             0.04308,            0.012819,            0.004027,            0.004027,            0.004027
                 183,            0.037563,            0.051249,            0.010661,             0.87005,             0.69001,              0.7558,             0.53818,            0.038947,            0.043086,            0.012766,            0.003994,            0.003994,            0.003994
                 184,            0.037721,            0.052239,             0.01045,             0.87328,              0.6889,             0.75546,             0.53838,             0.03891,            0.043049,            0.012758,            0.003961,            0.003961,            0.003961
                 185,            0.037451,            0.051993,            0.010483,             0.87837,             0.68505,             0.75493,             0.53924,            0.038928,             0.04309,              0.0128,            0.003928,            0.003928,            0.003928
                 186,            0.037609,            0.052636,            0.010613,             0.87061,             0.69294,             0.75491,             0.53853,            0.038971,            0.043079,            0.012785,            0.003895,            0.003895,            0.003895
                 187,            0.037748,            0.050904,            0.010708,             0.87636,             0.69093,             0.75582,             0.53845,            0.038954,            0.043096,            0.012804,            0.003862,            0.003862,            0.003862
                 188,            0.037508,            0.051776,            0.010191,             0.87214,             0.69231,             0.75501,             0.53976,            0.038926,            0.043118,            0.012784,            0.003829,            0.003829,            0.003829
                 189,            0.037274,             0.05093,            0.010412,              0.8722,             0.69419,             0.75699,              0.5396,            0.038912,            0.043144,            0.012735,            0.003796,            0.003796,            0.003796
                 190,            0.037435,            0.052147,            0.010146,             0.88166,             0.69176,             0.75796,              0.5424,            0.038925,            0.043153,            0.012724,            0.003763,            0.003763,            0.003763
                 191,            0.037065,            0.051093,             0.01027,             0.88315,             0.69397,             0.75711,             0.54224,            0.038891,            0.043099,            0.012693,             0.00373,             0.00373,             0.00373
                 192,            0.037148,            0.051919,            0.010221,             0.88306,             0.69677,             0.75924,              0.5431,            0.038845,            0.043075,            0.012699,            0.003697,            0.003697,            0.003697
                 193,            0.037376,            0.050924,            0.010454,             0.88353,             0.69818,             0.75951,             0.54258,            0.038796,            0.043053,            0.012694,            0.003664,            0.003664,            0.003664
                 194,            0.037123,             0.05159,            0.010109,             0.88064,             0.69815,             0.75914,             0.54417,            0.038775,            0.042982,            0.012699,            0.003631,            0.003631,            0.003631
                 195,            0.036941,            0.051258,            0.010313,             0.87917,             0.69844,             0.75786,             0.54315,             0.03878,            0.042962,             0.01274,            0.003598,            0.003598,            0.003598
                 196,            0.037017,            0.050265,            0.010128,             0.87844,             0.69742,             0.75782,             0.54461,              0.0388,            0.042897,            0.012758,            0.003565,            0.003565,            0.003565
                 197,            0.037305,             0.05147,            0.010123,             0.87937,             0.69709,             0.75784,             0.54224,            0.038745,            0.042888,            0.012739,            0.003532,            0.003532,            0.003532
                 198,            0.037125,            0.050746,            0.010079,             0.88109,             0.69647,              0.7583,             0.54295,              0.0387,            0.042954,             0.01281,            0.003499,            0.003499,            0.003499
                 199,            0.036629,            0.049917,            0.010054,             0.87182,             0.70046,             0.75852,             0.54485,            0.038677,            0.042982,            0.012907,            0.003466,            0.003466,            0.003466
                 200,            0.036577,            0.050264,           0.0098529,             0.87426,             0.70018,             0.75866,             0.54706,            0.038645,            0.042989,            0.012892,            0.003433,            0.003433,            0.003433
                 201,            0.036628,            0.050104,           0.0099981,             0.87158,             0.69688,             0.75809,             0.54752,            0.038606,            0.042986,            0.012837,              0.0034,              0.0034,              0.0034
                 202,            0.036745,            0.050259,           0.0098729,             0.86681,             0.70202,              0.7568,             0.54847,            0.038589,            0.042968,            0.012841,            0.003367,            0.003367,            0.003367
                 203,            0.036762,            0.050497,           0.0098545,             0.87494,             0.70113,             0.75783,               0.548,            0.038626,            0.042958,            0.012814,            0.003334,            0.003334,            0.003334
                 204,            0.036702,             0.05079,           0.0096927,             0.87784,             0.70038,             0.75906,             0.54564,            0.038619,            0.042917,            0.012802,            0.003301,            0.003301,            0.003301
                 205,            0.036632,            0.050597,            0.010089,             0.87644,             0.70175,              0.7589,             0.54753,            0.038575,             0.04291,            0.012798,            0.003268,            0.003268,            0.003268
                 206,            0.036748,            0.051307,           0.0099281,             0.87643,             0.70098,             0.75824,             0.54704,            0.038536,            0.042892,            0.012764,            0.003235,            0.003235,            0.003235
                 207,            0.036244,            0.049382,           0.0099361,             0.86597,             0.70227,              0.7584,              0.5471,            0.038493,            0.042877,            0.012784,            0.003202,            0.003202,            0.003202
                 208,            0.036403,            0.049466,           0.0098274,             0.86926,             0.69848,             0.75951,             0.54892,            0.038481,            0.042792,            0.012798,            0.003169,            0.003169,            0.003169
                 209,            0.036376,             0.05017,           0.0092939,             0.87851,              0.7005,             0.76045,             0.54912,            0.038473,            0.042787,            0.012788,            0.003136,            0.003136,            0.003136
                 210,            0.036377,            0.049812,           0.0098641,             0.87961,             0.69762,             0.76127,             0.55043,            0.038462,            0.042769,            0.012829,            0.003103,            0.003103,            0.003103
                 211,            0.036388,            0.050515,           0.0095524,              0.8787,             0.69569,             0.76136,             0.55019,            0.038449,            0.042758,            0.012821,             0.00307,             0.00307,             0.00307
                 212,            0.036374,            0.050494,           0.0097045,             0.87429,             0.70079,             0.76251,              0.5514,            0.038443,            0.042794,            0.012842,            0.003037,            0.003037,            0.003037
                 213,            0.036267,            0.050158,           0.0094628,             0.87263,             0.70294,             0.76211,             0.55183,            0.038429,             0.04283,            0.012883,            0.003004,            0.003004,            0.003004
                 214,            0.036589,            0.049832,            0.009505,             0.86901,             0.70217,              0.7623,             0.55148,            0.038441,             0.04283,            0.012894,            0.002971,            0.002971,            0.002971
                 215,            0.035932,            0.048725,            0.009642,             0.87211,             0.70522,              0.7614,             0.55103,            0.038427,            0.042864,            0.012897,            0.002938,            0.002938,            0.002938
                 216,            0.036252,            0.049227,           0.0094407,             0.87353,             0.70375,             0.76164,             0.55114,            0.038399,            0.042863,            0.012902,            0.002905,            0.002905,            0.002905
                 217,            0.036138,            0.049722,           0.0094541,             0.86917,             0.70513,             0.76089,             0.55185,            0.038388,            0.042906,            0.012883,            0.002872,            0.002872,            0.002872
                 218,            0.036023,            0.049706,           0.0096074,             0.87503,             0.70198,             0.76124,             0.55252,            0.038345,            0.042886,            0.012877,            0.002839,            0.002839,            0.002839
                 219,            0.036016,            0.049208,           0.0095746,             0.87731,             0.70237,             0.76147,             0.55116,            0.038306,            0.042876,            0.012883,            0.002806,            0.002806,            0.002806
                 220,            0.035821,            0.049391,           0.0093197,             0.88432,             0.69886,             0.76138,              0.5528,            0.038285,            0.042887,            0.012892,            0.002773,            0.002773,            0.002773
                 221,            0.035919,            0.048592,           0.0093084,             0.88015,             0.69921,             0.76163,             0.55432,            0.038288,            0.042853,            0.012908,             0.00274,             0.00274,             0.00274
                 222,            0.035687,            0.048318,           0.0096043,             0.88055,             0.69672,             0.76099,             0.55455,            0.038262,            0.042833,            0.012938,            0.002707,            0.002707,            0.002707
                 223,            0.035968,            0.049988,           0.0093111,             0.87758,             0.70019,             0.76197,             0.55577,            0.038247,            0.042805,            0.012967,            0.002674,            0.002674,            0.002674
                 224,            0.035862,            0.048908,            0.009526,             0.87417,             0.69987,             0.76248,             0.55682,            0.038221,            0.042758,            0.012987,            0.002641,            0.002641,            0.002641
                 225,            0.035896,             0.04892,           0.0093106,             0.86825,             0.70464,             0.76339,             0.55661,            0.038206,            0.042748,            0.013028,            0.002608,            0.002608,            0.002608
                 226,            0.035447,             0.04892,           0.0092557,             0.87311,             0.70315,              0.7633,             0.55683,             0.03821,            0.042736,            0.013028,            0.002575,            0.002575,            0.002575
                 227,            0.036008,            0.048525,           0.0090338,             0.87409,             0.70299,             0.76359,             0.55676,            0.038206,            0.042754,            0.012991,            0.002542,            0.002542,            0.002542
                 228,            0.035772,            0.048991,           0.0093039,             0.86985,             0.70643,             0.76356,             0.55595,            0.038185,            0.042774,            0.012949,            0.002509,            0.002509,            0.002509
                 229,            0.035175,            0.046998,           0.0091172,              0.8701,             0.70667,             0.76313,              0.5566,            0.038179,            0.042771,            0.012908,            0.002476,            0.002476,            0.002476
                 230,            0.035709,            0.049421,           0.0090525,             0.87351,             0.70564,             0.76253,             0.55619,            0.038164,            0.042782,            0.012878,            0.002443,            0.002443,            0.002443
                 231,            0.035515,            0.047751,           0.0095013,             0.87622,             0.70502,             0.76184,             0.55735,            0.038147,            0.042793,            0.012876,             0.00241,             0.00241,             0.00241
                 232,            0.035622,            0.048778,           0.0089681,             0.88614,             0.69933,             0.76165,             0.55787,            0.038136,            0.042769,            0.012863,            0.002377,            0.002377,            0.002377
                 233,            0.035136,            0.047929,           0.0090988,             0.88654,             0.70074,              0.7623,             0.55826,            0.038115,            0.042768,            0.012884,            0.002344,            0.002344,            0.002344
                 234,            0.035325,            0.048682,           0.0091147,             0.88145,             0.70385,             0.76311,             0.55826,            0.038094,            0.042801,              0.0129,            0.002311,            0.002311,            0.002311
                 235,            0.035463,            0.047841,           0.0090317,             0.87815,             0.70605,             0.76276,             0.55796,            0.038092,            0.042846,            0.012903,            0.002278,            0.002278,            0.002278
                 236,            0.035297,            0.047591,           0.0088695,             0.88032,             0.70514,             0.76187,             0.55795,            0.038083,            0.042858,             0.01293,            0.002245,            0.002245,            0.002245
                 237,            0.035104,            0.046996,           0.0093477,             0.88287,              0.7027,             0.76117,              0.5583,             0.03807,            0.042885,            0.012932,            0.002212,            0.002212,            0.002212
                 238,            0.034934,            0.047891,           0.0089397,             0.88553,              0.7013,             0.76111,             0.55764,            0.038058,            0.042882,            0.012935,            0.002179,            0.002179,            0.002179
                 239,            0.035097,            0.048052,           0.0090013,             0.88455,             0.70025,             0.76072,             0.55843,            0.038045,            0.042898,            0.012949,            0.002146,            0.002146,            0.002146
                 240,            0.034888,            0.047419,           0.0087044,             0.88224,             0.70003,              0.7607,             0.55851,            0.038024,            0.042869,             0.01295,            0.002113,            0.002113,            0.002113
                 241,            0.035303,            0.047626,           0.0088766,             0.88518,             0.69819,             0.76115,             0.55909,            0.037995,            0.042844,            0.012934,             0.00208,             0.00208,             0.00208
                 242,            0.034864,            0.047168,           0.0087074,             0.88424,             0.69765,             0.76172,             0.55947,            0.037977,            0.042818,            0.012922,            0.002047,            0.002047,            0.002047
                 243,            0.034662,            0.048106,           0.0087779,             0.88321,             0.69905,             0.76171,             0.55927,            0.037964,            0.042821,            0.012909,            0.002014,            0.002014,            0.002014
                 244,            0.034983,            0.048077,           0.0088317,             0.88276,             0.69997,             0.76156,             0.55918,             0.03795,            0.042804,              0.0129,            0.001981,            0.001981,            0.001981
                 245,            0.034706,            0.047127,           0.0087172,             0.88124,             0.70127,             0.76161,             0.55958,            0.037939,            0.042832,            0.012906,            0.001948,            0.001948,            0.001948
                 246,            0.034908,            0.047207,           0.0089059,             0.88463,             0.70051,             0.76154,             0.55885,            0.037928,            0.042843,            0.012905,            0.001915,            0.001915,            0.001915
                 247,            0.034554,            0.047252,           0.0085886,             0.88358,              0.7008,             0.76115,             0.55883,            0.037907,            0.042834,            0.012904,            0.001882,            0.001882,            0.001882
                 248,            0.034781,            0.047777,            0.008527,             0.88436,             0.70015,              0.7614,             0.55901,            0.037894,            0.042828,            0.012911,            0.001849,            0.001849,            0.001849
                 249,            0.034657,               0.047,           0.0087177,             0.88577,             0.70009,             0.76206,             0.55951,            0.037889,            0.042825,            0.012918,            0.001816,            0.001816,            0.001816
                 250,            0.034645,            0.047861,           0.0088948,             0.88621,              0.6994,             0.76213,             0.55968,            0.037872,            0.042831,            0.012905,            0.001783,            0.001783,            0.001783
                 251,            0.034619,            0.046977,           0.0086085,             0.88598,             0.70074,             0.76218,             0.56147,             0.03786,             0.04283,            0.012911,             0.00175,             0.00175,             0.00175
                 252,            0.034722,            0.047588,           0.0087136,             0.88228,             0.70145,             0.76175,             0.56121,            0.037854,            0.042828,             0.01291,            0.001717,            0.001717,            0.001717
                 253,            0.034566,            0.047356,             0.00881,             0.88426,             0.70058,             0.76182,             0.56057,             0.03784,            0.042833,            0.012915,            0.001684,            0.001684,            0.001684
                 254,            0.034501,            0.046758,           0.0085268,             0.88631,              0.6995,             0.76158,             0.56173,            0.037824,            0.042827,            0.012927,            0.001651,            0.001651,            0.001651
                 255,            0.034643,             0.04662,           0.0086449,             0.89007,             0.70021,             0.76273,              0.5617,            0.037809,            0.042799,            0.012934,            0.001618,            0.001618,            0.001618
                 256,            0.033996,            0.046343,           0.0084919,             0.88701,             0.70252,             0.76242,             0.56185,            0.037785,            0.042811,             0.01294,            0.001585,            0.001585,            0.001585
                 257,             0.03433,            0.046854,           0.0086141,             0.88705,             0.70213,             0.76249,              0.5613,            0.037784,            0.042808,            0.012959,            0.001552,            0.001552,            0.001552
                 258,            0.034272,             0.04592,           0.0086206,             0.89009,             0.70088,             0.76242,             0.56148,            0.037781,            0.042812,            0.012962,            0.001519,            0.001519,            0.001519
                 259,            0.034208,            0.046734,           0.0082375,             0.88875,             0.70117,             0.76292,             0.56175,            0.037777,            0.042819,            0.012961,            0.001486,            0.001486,            0.001486
                 260,            0.034059,            0.046845,           0.0081478,             0.88856,             0.70063,             0.76266,             0.56203,            0.037762,             0.04283,            0.012958,            0.001453,            0.001453,            0.001453
                 261,            0.033981,            0.046286,           0.0084913,             0.89035,             0.69936,             0.76312,              0.5626,            0.037747,            0.042833,            0.012956,             0.00142,             0.00142,             0.00142
                 262,            0.034273,            0.046195,           0.0083094,             0.88946,              0.6981,             0.76302,             0.56364,            0.037738,            0.042839,            0.012973,            0.001387,            0.001387,            0.001387
                 263,             0.03404,            0.047242,           0.0084165,             0.89363,             0.69905,             0.76331,             0.56372,             0.03773,            0.042829,            0.012974,            0.001354,            0.001354,            0.001354
                 264,             0.03434,            0.046608,           0.0083022,             0.89652,             0.69742,             0.76311,             0.56439,            0.037721,            0.042813,            0.012971,            0.001321,            0.001321,            0.001321
                 265,            0.033995,            0.045432,           0.0083798,             0.89733,             0.69757,             0.76324,             0.56505,            0.037715,            0.042814,            0.012967,            0.001288,            0.001288,            0.001288
                 266,            0.033861,            0.046011,           0.0083837,             0.89724,             0.69843,             0.76349,             0.56489,            0.037704,            0.042808,            0.012969,            0.001255,            0.001255,            0.001255
                 267,            0.033577,            0.045187,           0.0084849,             0.89723,               0.698,             0.76359,             0.56566,            0.037693,            0.042805,            0.012979,            0.001222,            0.001222,            0.001222
                 268,            0.033704,            0.046212,           0.0079646,             0.89724,             0.69708,             0.76318,             0.56681,            0.037676,            0.042812,            0.012982,            0.001189,            0.001189,            0.001189
                 269,            0.033557,            0.045473,           0.0082964,             0.89695,             0.69745,             0.76332,             0.56634,            0.037664,            0.042813,            0.012986,            0.001156,            0.001156,            0.001156
                 270,            0.033888,            0.045242,           0.0081742,             0.89773,             0.69812,              0.7637,             0.56627,            0.037648,            0.042813,            0.012985,            0.001123,            0.001123,            0.001123
                 271,            0.033684,            0.045011,           0.0079785,             0.89499,             0.69874,             0.76408,             0.56633,            0.037633,            0.042822,            0.012984,             0.00109,             0.00109,             0.00109
                 272,            0.033701,            0.046191,           0.0080104,             0.89541,             0.69846,             0.76393,             0.56601,             0.03762,            0.042832,            0.012976,            0.001057,            0.001057,            0.001057
                 273,            0.033608,             0.04553,           0.0080594,             0.89431,             0.69917,              0.7643,             0.56685,            0.037613,            0.042832,            0.012982,            0.001024,            0.001024,            0.001024
                 274,            0.033726,            0.045356,           0.0082004,             0.89521,             0.69876,             0.76433,             0.56696,            0.037605,            0.042828,            0.012981,            0.000991,            0.000991,            0.000991
                 275,            0.033761,            0.046121,           0.0078952,             0.89464,             0.69917,             0.76431,             0.56738,            0.037598,            0.042823,            0.012982,            0.000958,            0.000958,            0.000958
                 276,            0.033493,            0.045419,           0.0079795,             0.89272,             0.70094,             0.76465,             0.56809,            0.037593,            0.042821,            0.012987,            0.000925,            0.000925,            0.000925
                 277,            0.033606,            0.045772,           0.0078602,             0.89148,             0.70111,             0.76412,             0.56826,            0.037591,            0.042825,            0.012997,            0.000892,            0.000892,            0.000892
                 278,            0.033461,            0.046035,           0.0080369,             0.89124,             0.70126,              0.7644,             0.56881,            0.037584,            0.042831,            0.013001,            0.000859,            0.000859,            0.000859
                 279,            0.033516,            0.045556,           0.0079933,              0.8941,             0.69917,             0.76396,              0.5686,            0.037583,            0.042836,            0.013003,            0.000826,            0.000826,            0.000826
                 280,            0.033561,            0.046426,           0.0078716,              0.8932,             0.69869,             0.76356,             0.56842,            0.037579,            0.042839,            0.013003,            0.000793,            0.000793,            0.000793
                 281,            0.033588,            0.045476,           0.0077146,             0.89243,             0.69914,             0.76393,             0.56868,            0.037577,            0.042851,            0.013014,             0.00076,             0.00076,             0.00076
                 282,            0.032962,            0.044753,           0.0077811,             0.89247,             0.70168,             0.76421,             0.56925,            0.037571,            0.042852,            0.013023,            0.000727,            0.000727,            0.000727
                 283,            0.032896,            0.044278,           0.0076804,             0.89076,             0.70198,             0.76402,             0.56878,            0.037567,             0.04286,            0.013028,            0.000694,            0.000694,            0.000694
                 284,            0.033335,            0.045364,           0.0078212,             0.89009,             0.70248,             0.76406,             0.56871,            0.037558,            0.042862,            0.013036,            0.000661,            0.000661,            0.000661
                 285,            0.032938,            0.044634,           0.0079758,             0.88626,             0.70424,             0.76379,             0.56909,            0.037553,             0.04286,            0.013045,            0.000628,            0.000628,            0.000628
                 286,            0.032959,            0.045307,            0.007836,             0.88743,              0.7043,               0.764,             0.56893,             0.03755,            0.042861,            0.013055,            0.000595,            0.000595,            0.000595
                 287,             0.03305,             0.04454,           0.0078121,             0.88736,             0.70447,             0.76389,             0.56904,            0.037545,            0.042865,            0.013069,            0.000562,            0.000562,            0.000562
                 288,            0.033137,            0.044838,            0.007897,               0.888,             0.70348,             0.76398,             0.56975,            0.037542,            0.042855,            0.013082,            0.000529,            0.000529,            0.000529
                 289,            0.033003,            0.044444,           0.0077665,             0.88862,             0.70326,              0.7638,             0.57027,            0.037539,            0.042864,            0.013096,            0.000496,            0.000496,            0.000496
                 290,            0.032924,            0.043786,            0.007732,             0.88846,             0.70348,             0.76426,             0.56985,            0.037536,            0.042871,            0.013107,            0.000463,            0.000463,            0.000463
                 291,            0.033056,            0.044616,           0.0077142,             0.88563,             0.70332,             0.76355,              0.5692,             0.03753,            0.042877,            0.013118,             0.00043,             0.00043,             0.00043
                 292,            0.032764,            0.044368,           0.0076786,             0.88541,             0.70314,             0.76389,             0.56918,            0.037527,            0.042881,            0.013128,            0.000397,            0.000397,            0.000397
                 293,            0.032816,            0.044339,           0.0075737,             0.88594,             0.70238,             0.76357,             0.56997,            0.037524,            0.042881,            0.013135,            0.000364,            0.000364,            0.000364
                 294,            0.033058,            0.044988,           0.0077128,             0.88486,             0.70278,             0.76324,             0.56958,            0.037521,            0.042885,            0.013142,            0.000331,            0.000331,            0.000331
                 295,            0.032711,            0.043926,           0.0077326,             0.88617,             0.70267,             0.76347,             0.56965,            0.037519,            0.042884,             0.01315,            0.000298,            0.000298,            0.000298
                 296,            0.032727,            0.044866,           0.0075522,             0.88687,             0.70357,             0.76336,             0.56983,            0.037516,            0.042879,            0.013154,            0.000265,            0.000265,            0.000265
                 297,            0.032543,              0.0447,           0.0075989,             0.88729,             0.70336,              0.7632,             0.57048,            0.037517,            0.042875,            0.013159,            0.000232,            0.000232,            0.000232
                 298,            0.032523,            0.044767,           0.0076847,             0.88691,             0.70378,             0.76306,             0.56958,            0.037515,            0.042879,            0.013168,            0.000199,            0.000199,            0.000199
                 299,            0.032827,            0.044356,           0.0078773,             0.88728,             0.70377,             0.76295,             0.57002,            0.037513,            0.042879,            0.013173,            0.000166,            0.000166,            0.000166
